semana,indice,id,titulo,descricao,tipo,texto_completo,links,materiais,arquivos
Semana 01,1,46d403bdd15b4fe8a68dbf1e9880f00c,Workshop com Parceiro,24/04/2025 - 14:00h,Outros,"Workshop com Parceiro








24/04/2025 - 14:00h",,,
Semana 01,2,6ec59e1a3c00451994a3f359a92a340e,Filtragem Colaborativa baseada em Item,"25/04/2025 - 14:00h








Ovidio Lopes da Cruz Netto",Outros,"Filtragem Colaborativa baseada em Item








25/04/2025 - 14:00h








Ovidio Lopes da Cruz Netto",,,
Semana 01,3,81084fd18dae4e2c80cb8d77075c50a3,Recommendation Algorithm with SVD,Ovidio Lopes da Cruz Netto,Outros,"Recommendation Algorithm with SVD








Ovidio Lopes da Cruz Netto",,,
Semana 01,4,c641fc49242f4a4f8fb07ed97f1161e2,Visualizing SVD for Recommender Systems,Ovidio Lopes da Cruz Netto,Outros,"Visualizing SVD for Recommender Systems








Ovidio Lopes da Cruz Netto",,,
Semana 01,5,be12c320e74743e9a990cd118667390c,Cold start (recommender systems),Ovidio Lopes da Cruz Netto,Outros,"Cold start (recommender systems)








Ovidio Lopes da Cruz Netto",,,
Semana 01,6,d248db41e1bc4dce9d9dd291ab2af8c0,Filtragem Colaborativa Baseada em Item: Como os Itens se Recomendam entre Si,Ovidio Lopes da Cruz Netto,Outros,"Filtragem Colaborativa Baseada em Item: Como os Itens se Recomendam entre Si








Ovidio Lopes da Cruz Netto",,,
Semana 01,7,0ae2d4c337704d16976a4beedbc8b0ff,Filtragem Colaborativa por Usuário,"23/04/2025 - 14:00h








Ovidio Lopes da Cruz Netto",Outros,"Filtragem Colaborativa por Usuário








23/04/2025 - 14:00h








Ovidio Lopes da Cruz Netto",,,
Semana 01,8,95496afc63f24f4da7cc7e1fedbb9a78,Introdução a Sistemas de Recomendação,Ovidio Lopes da Cruz Netto,Outros,"Introdução a Sistemas de Recomendação








Ovidio Lopes da Cruz Netto",,,
Semana 01,9,7e7539e842094fec85240a43bc578b87,Recommender system,Ovidio Lopes da Cruz Netto,Outros,"Recommender system








Ovidio Lopes da Cruz Netto",,,
Semana 01,10,497555f622884fb59d54aa2f0f49359a,A Filtragem Colaborativa,Ovidio Lopes da Cruz Netto,Outros,"A Filtragem Colaborativa








Ovidio Lopes da Cruz Netto",,,
Semana 01,11,260c915acefe4efab9c2a2b6989602a5,Sistemas de recomendação: Filtragem Colaborativa baseada no Usuário,Ovidio Lopes da Cruz Netto,Outros,"Sistemas de recomendação: Filtragem Colaborativa baseada no Usuário








Ovidio Lopes da Cruz Netto",,,
Semana 01,12,90d5bf87466b44239a99f951fe0a0f7d,User-based Collaborative Filtering in Python,Ovidio Lopes da Cruz Netto,Outros,"User-based Collaborative Filtering in Python








Ovidio Lopes da Cruz Netto",,,
Semana 01,13,e3de821a8d1943509338767a8c25f2f1,Music Recommendation System Using Spotify Dataset,Ovidio Lopes da Cruz Netto,Outros,"Music Recommendation System Using Spotify Dataset








Ovidio Lopes da Cruz Netto",,,
Semana 01,14,e14d0761d54a4b3ea0803ff1e7a4afec,Onboarding e Sprint Planning 1,22/04/2025 - 14:00h,Outros,"Onboarding e Sprint Planning 1








22/04/2025 - 14:00h",,,
Semana 02,1,98be1544303241d4bac6c8c5279d2b05,"Projeto de Software orientado a objetos: conceito de entidades, propriedades, separação de contextos e diagrama UML de classes","28/04/2025 - 14:00h








Ovidio Lopes da Cruz Netto",Projeto,"Projeto de Software orientado a objetos: conceito de entidades, propriedades, separação de contextos e diagrama UML de classes








28/04/2025 - 14:00h








Ovidio Lopes da Cruz Netto",,,
Semana 02,2,5677284a52f84a12a92d8b4103a803b8,Classes e objetos. Definições e uso,Ovidio Lopes da Cruz Netto,Outros,"Classes e objetos. Definições e uso








Ovidio Lopes da Cruz Netto",,,
Semana 02,3,8c782c43374d49e1b7dd62bfa6624dac,Propriedades e Métodos: Definindo o Comportamento dos Objetos,Ovidio Lopes da Cruz Netto,Outros,"Propriedades e Métodos: Definindo o Comportamento dos Objetos








Ovidio Lopes da Cruz Netto",,,
Semana 02,4,9dba8418e03c4d8bab7c48242b10369a,Separação de Contextos: Organizando Responsabilidades no Software,Ovidio Lopes da Cruz Netto,Outros,"Separação de Contextos: Organizando Responsabilidades no Software








Ovidio Lopes da Cruz Netto",,,
Semana 02,5,5ff13dd658794dd09b693886736fc005,Diagramas de Classes UML: Visualizando a Estrutura do Sistema,Ovidio Lopes da Cruz Netto,Outros,"Diagramas de Classes UML: Visualizando a Estrutura do Sistema








Ovidio Lopes da Cruz Netto",,,
Semana 02,6,4727030ab2d64ec5ac2a6132c3e7e5ae,Mapeamento e Gestão Por Processos - BPM,"29/04/2025 - 14:00h








Vanessa Tavares Nunes",Outros,"Mapeamento e Gestão Por Processos - BPM








29/04/2025 - 14:00h








Vanessa Tavares Nunes",,,
Semana 02,7,0bae9835389b4d3081e59a5a7823e61d,"Gerenciar os processos, para agregar valor à organização",Vanessa Tavares Nunes,Outros,"Gerenciar os processos, para agregar valor à organização








Vanessa Tavares Nunes",,,
Semana 02,8,1e6c227119dd478d993657bf8be4df77,Gestão de processos (parte I),Vanessa Tavares Nunes,Outros,"Gestão de processos (parte I)








Vanessa Tavares Nunes",,,
Semana 02,9,32ca65bb3cd440b5b4dd619e0c59a8ff,Modelagem de processos,Vanessa Tavares Nunes,Outros,"Modelagem de processos








Vanessa Tavares Nunes",,,
Semana 02,10,86dfd42f08f942639b92a6eccedf9879,Guia BPMN,Vanessa Tavares Nunes,Outros,"Guia BPMN








Vanessa Tavares Nunes",,,
Semana 02,11,a193e273f92a48d884644d632d63ef89,What is a business process?,Vanessa Tavares Nunes,Outros,"What is a business process?








Vanessa Tavares Nunes",,,
Semana 02,12,907b4fe54a0a41abaca40f14c0a009fd,Introduction to the BPM lifecycle,Vanessa Tavares Nunes,Outros,"Introduction to the BPM lifecycle








Vanessa Tavares Nunes",,,
Semana 02,13,e588d7842b3c49019ad2222ef19dea7f,Process identification,Vanessa Tavares Nunes,Outros,"Process identification








Vanessa Tavares Nunes",,,
Semana 02,14,e1df34d8533847fa92895b5b698c4295,Designation via reference models,Vanessa Tavares Nunes,Outros,"Designation via reference models








Vanessa Tavares Nunes",,,
Semana 02,15,14f5706bd3354adda39e60b798ab60b1,Download da Ferramenta ARIS,Vanessa Tavares Nunes,Outros,"Download da Ferramenta ARIS








Vanessa Tavares Nunes",,,
Semana 02,16,36d8143bb71448ccbbaa23428b489e98,Tutorial da ferramenta ARIS,Vanessa Tavares Nunes,Outros,"Tutorial da ferramenta ARIS








Vanessa Tavares Nunes",,,
Semana 02,17,4be49226dd3f4cdfb9b98045f987a20d,Sprint Review  e  Retrospective 1,30/04/2025 - 14:00h,Outros,"Sprint Review  e  Retrospective 1








30/04/2025 - 14:00h",,,
Semana 02,18,46d7a66e8ddb4e1898c1325a4e1e838a,Questão de Negócios Parte 1 - Tarefa de modelagem de processos,"Nota: 0.0








Vanessa Tavares Nunes

Atividade ponderada",Atividade,"Questão de Negócios Parte 1 - Tarefa de modelagem de processos

Nota: 0.0








Vanessa Tavares Nunes

Atividade ponderada",,,
Semana 02,19,1ba0a1168df341408cb9343e97fbbf3f,ENTENDIMENTO DO PROJETO E DO NEGÓCIO,"Nota: 8.1

Atividade ponderada",Atividade,"ENTENDIMENTO DO PROJETO E DO NEGÓCIO

Nota: 8.1

Atividade ponderada",,,
Semana 02,20,f1ed632241f24b918da506b68d52fd8f,ESPECIFICAÇÃO DE REQUISITOS FUNCIONAIS E NÃO FUNCIONAIS,"Nota: 8.2

Atividade ponderada",Atividade,"ESPECIFICAÇÃO DE REQUISITOS FUNCIONAIS E NÃO FUNCIONAIS

Nota: 8.2

Atividade ponderada",,,
Semana 02,21,3731ea819a3442c6aea76e9805a7eb80,BASE DE DADOS PARA MODELO DE RECOMENDAÇÃO,"Nota: 6.6

Atividade ponderada",Atividade,"BASE DE DADOS PARA MODELO DE RECOMENDAÇÃO

Nota: 6.6

Atividade ponderada",,,
Semana 02,22,5c37c380e7c4418485d3eb2b4bbb3139,GESTÃO EVOLUTIVA DO PROJETO,"Nota: 8.0

Atividade ponderada",Atividade,"GESTÃO EVOLUTIVA DO PROJETO

Nota: 8.0

Atividade ponderada",,,
Semana 02,23,51fd5946b86742918b77eaf8f4fee09c,GESTÃO DE CONFIGURAÇÃO,"Nota: 8.1

Atividade ponderada",Atividade,"GESTÃO DE CONFIGURAÇÃO

Nota: 8.1

Atividade ponderada",,,
Semana 03,1,a67a324c0deb44a7a9b00c20d28beb62,Sprint Planning 2 e Demonstração de Aprendizagem,05/05/2025 - 10:00h,Outros,"Sprint Planning 2 e Demonstração de Aprendizagem








05/05/2025 - 10:00h",,,
Semana 03,2,55f98d38ad094bdaa61696bff0217339,Sistemas de recomendação baseados em filtragem colaborativa,"06/05/2025 - 14:00h








Ovidio Lopes da Cruz Netto",Outros,"Sistemas de recomendação baseados em filtragem colaborativa








06/05/2025 - 14:00h








Ovidio Lopes da Cruz Netto",,,
Semana 03,3,1a31f4ccc74a4acaa0fb793a94d59a08,What Content-Based Filtering is and Why You Should Use It,Ovidio Lopes da Cruz Netto,Outros,"What Content-Based Filtering is and Why You Should Use It








Ovidio Lopes da Cruz Netto",,,
Semana 03,4,813fb6a68b124a16a55624c84034d333,Building a Content-Based Book Recommendation Engine,Ovidio Lopes da Cruz Netto,Outros,"Building a Content-Based Book Recommendation Engine








Ovidio Lopes da Cruz Netto",,,
Semana 03,5,e629a2d956104093ade0ddfe32c31878,Recommender Systems: Behind the Scenes of Machine Learning-Based Personalization,Ovidio Lopes da Cruz Netto,Outros,"Recommender Systems: Behind the Scenes of Machine Learning-Based Personalization








Ovidio Lopes da Cruz Netto",,,
Semana 03,6,ab467695cd784b468e9b9ae71fb895ac,Fundamentos de comunicação e interface aplicados à computação e sistemas móveis,"07/05/2025 - 14:00h








Bruna Mayer Costa",Outros,"Fundamentos de comunicação e interface aplicados à computação e sistemas móveis








07/05/2025 - 14:00h








Bruna Mayer Costa",,,
Semana 03,7,7584afda18fe463486450e10158d924b,"Decomposição em Valores Singulares (SVD): Entendendo através da teoria de matrizes, autovalores e autovetores","08/05/2025 - 14:00h








Luciano Galdino",Outros,"Decomposição em Valores Singulares (SVD): Entendendo através da teoria de matrizes, autovalores e autovetores








08/05/2025 - 14:00h








Luciano Galdino",,,
Semana 03,8,bce3067b31864a36b3d9ece65b77d8b8,Teoria: Fatoração de Matriz,Luciano Galdino,Outros,"Teoria: Fatoração de Matriz








Luciano Galdino",,,
Semana 03,9,cb5c49c7b26c46acbd59fd4932c054ac,Vídeo 1: A.I. Experiments: Visualizing High-Dimensional Space (by Google for Developers),Luciano Galdino,Outros,"Vídeo 1: A.I. Experiments: Visualizing High-Dimensional Space (by Google for Developers)








Luciano Galdino",,,
Semana 03,10,f81c3fbe8fbb4991aefe96e09407e5cd,Vídeo 2: Singular Value Decomposition (SVD): Mathematical Overview (by Steve Brunton),Luciano Galdino,Outros,"Vídeo 2: Singular Value Decomposition (SVD): Mathematical Overview (by Steve Brunton)








Luciano Galdino",,,
Semana 03,11,4d1aaac6676043d1a1ffda79feffe4e3,Tópicos de BD: Stored Procedures e Functions,"09/05/2025 - 14:00h








Hermano Peixoto de Oliveira Junior",Outros,"Tópicos de BD: Stored Procedures e Functions








09/05/2025 - 14:00h








Hermano Peixoto de Oliveira Junior",,,
Semana 03,12,be93d7e39d5c40d1aa6a792c50e257df,PL/pgSQL — SQL Procedural Language,Hermano Peixoto de Oliveira Junior,Outros,"PL/pgSQL — SQL Procedural Language








Hermano Peixoto de Oliveira Junior",,,
Semana 03,13,f7be21925e8b442381b87e076667767b,Procedimentos Armazenados e Sobrecarga de Função - PostgreSQL,Hermano Peixoto de Oliveira Junior,Outros,"Procedimentos Armazenados e Sobrecarga de Função - PostgreSQL








Hermano Peixoto de Oliveira Junior",,,
Semana 03,14,928ce688391c42b59933facf4a5b2241,O que é e Como Criar uma Procedure no PostgreSQL?,Hermano Peixoto de Oliveira Junior,Outros,"O que é e Como Criar uma Procedure no PostgreSQL?








Hermano Peixoto de Oliveira Junior",,,
Semana 03,15,fdace7cdfc9d496a9b13831e5414b936,Creating Mobile App Wireframes: A Step-by-Step Guide,Bruna Mayer Costa,Outros,"Creating Mobile App Wireframes: A Step-by-Step Guide








Bruna Mayer Costa",,,
Semana 03,16,7ff4562360524776838aec68de590711,A Complete Guide To Mobile First Design,Bruna Mayer Costa,Outros,"A Complete Guide To Mobile First Design








Bruna Mayer Costa",,,
Semana 03,17,b2c7bb09513f4621afde06ecefd55832,4 Foundational UI Design Principles | C.R.A.P.,Bruna Mayer Costa,Outros,"4 Foundational UI Design Principles | C.R.A.P.








Bruna Mayer Costa",,,
Semana 03,18,c76172bc7423451da89130c1186a692e,Tipos de Navegação,Bruna Mayer Costa,Outros,"Tipos de Navegação








Bruna Mayer Costa",,,
Semana 03,19,1c3a54c6f7c441fc838ff65d728838ad,Benchmarking: Como Efetuar A Análise De Competidores Em UX Design?,Bruna Mayer Costa,Outros,"Benchmarking: Como Efetuar A Análise De Competidores Em UX Design?








Bruna Mayer Costa",,,
Semana 03,20,9285f9242ccc4af5992b00aebdc8d47e,"Fácil de usar: como os segredos do design user friendly estão mudando o modo como vivemos, trabalhamos e nos divertimos.",Bruna Mayer Costa,Outros,"Fácil de usar: como os segredos do design user friendly estão mudando o modo como vivemos, trabalhamos e nos divertimos.








Bruna Mayer Costa",,,
Semana 03,21,d7894481dc1b414b8407efc041880836,Análise e Desenvolvimento de Sistemas de Recomendação de Vestuário com Dados da ModCloth,"Nota: 10.0








Ovidio Lopes da Cruz Netto

Atividade ponderada",Atividade,"Análise e Desenvolvimento de Sistemas de Recomendação de Vestuário com Dados da ModCloth

Nota: 10.0








Ovidio Lopes da Cruz Netto

Atividade ponderada",,,
Semana 03,22,770f2dbf8ce143b684c657cbd6edb73d,What is Mobile First Design?,"Nota: 10.0








Bruna Mayer Costa

Atividade ponderada",Atividade,"What is Mobile First Design?

Nota: 10.0








Bruna Mayer Costa

Atividade ponderada",,,
Semana 03,23,697cba84e6f445cbbe31c03d07016557,Questão Ponderada: Singular Value Decomposition,"Nota: 0.0








Luciano Galdino

Atividade ponderada",Atividade,"Questão Ponderada: Singular Value Decomposition

Nota: 0.0








Luciano Galdino

Atividade ponderada",,,
Semana 04,1,eec074faad524a00851975644ae1d328,Arquitetura Geral e Orientada a Serviços (SOA) e a perspectiva de requisitos não funcionais,"12/05/2025 - 14:00h








Ovidio Lopes da Cruz Netto",Outros,"Arquitetura Geral e Orientada a Serviços (SOA) e a perspectiva de requisitos não funcionais








12/05/2025 - 14:00h








Ovidio Lopes da Cruz Netto",,,
Semana 04,2,2faee3c7bf47443598b271692248a457,Exemplo de um diagrama de arquitetura SOA de componentes,Ovidio Lopes da Cruz Netto,Outros,"Exemplo de um diagrama de arquitetura SOA de componentes








Ovidio Lopes da Cruz Netto",,,
Semana 04,3,8559de005160463bbe02bace7ff395be,Exemplo de um diagrama de arquitetura SOA em UML,Ovidio Lopes da Cruz Netto,Outros,"Exemplo de um diagrama de arquitetura SOA em UML








Ovidio Lopes da Cruz Netto",,,
Semana 04,4,41d90b739bd94540929ef37afe1979ef,Arquitetura de Referencia SOA - TOGAF,Ovidio Lopes da Cruz Netto,Outros,"Arquitetura de Referencia SOA - TOGAF








Ovidio Lopes da Cruz Netto",,,
Semana 04,5,8d4af0a31a0f4d9592b79c2d294294b1,Requisitos não funcionais no contexto de SOA,Ovidio Lopes da Cruz Netto,Outros,"Requisitos não funcionais no contexto de SOA








Ovidio Lopes da Cruz Netto",,,
Semana 04,6,c15c3b62b8fa4337969cc36e9ae58308,Criando Diagramas - StarUML,Ovidio Lopes da Cruz Netto,Outros,"Criando Diagramas - StarUML








Ovidio Lopes da Cruz Netto",,,
Semana 04,7,1013d106be7a49d3a59021cf90714ed9,Norma ISO 25010,Ovidio Lopes da Cruz Netto,Outros,"Norma ISO 25010








Ovidio Lopes da Cruz Netto",,,
Semana 04,8,52c832acf08f4ccba2370f4a2a935842,Arquitetura Orientada a Serviços - Visão da IBM,Ovidio Lopes da Cruz Netto,Outros,"Arquitetura Orientada a Serviços - Visão da IBM








Ovidio Lopes da Cruz Netto",,,
Semana 04,9,fa37a5fbcd6949478c7beea70ac67e7d,Arquitetura Orientada a Serviços - Visão da Microsoft,Ovidio Lopes da Cruz Netto,Outros,"Arquitetura Orientada a Serviços - Visão da Microsoft








Ovidio Lopes da Cruz Netto",,,
Semana 04,10,e08a5f2c73e44deebca70266a7109e4a,Arquitetura Orientada a Serviços - Visão da AWS,Ovidio Lopes da Cruz Netto,Outros,"Arquitetura Orientada a Serviços - Visão da AWS








Ovidio Lopes da Cruz Netto",,,
Semana 04,11,fcec2ea8172b4362a1268869c052f398,SOA do ponto de vista de negócio,"13/05/2025 - 14:00h








Rafael Ricardo Jacomossi",Outros,"SOA do ponto de vista de negócio








13/05/2025 - 14:00h








Rafael Ricardo Jacomossi",,,
Semana 04,12,3ea67c6c398f4530ae9f3ac9e63a3fde,Benefícios da SOA para negócios,Rafael Ricardo Jacomossi,Outros,"Benefícios da SOA para negócios








Rafael Ricardo Jacomossi",,,
Semana 04,13,0b6b7e9cf6ed4bccba59636b063d6997,Qual a importância da SOA (Arquitetura Orientada a Serviços) para a adaptação das empresas às necessidades de negócios atuais?,Rafael Ricardo Jacomossi,Outros,"Qual a importância da SOA (Arquitetura Orientada a Serviços) para a adaptação das empresas às necessidades de negócios atuais?








Rafael Ricardo Jacomossi",,,
Semana 04,14,82a6d5bdde2640899e90618b996896fe,Negócios Online - Arquiteturas Orientadas a Serviços,Rafael Ricardo Jacomossi,Outros,"Negócios Online - Arquiteturas Orientadas a Serviços








Rafael Ricardo Jacomossi",,,
Semana 04,15,dd4f07c97c8a4e5da8c82fbe3ff3585e,Padrões de interação e recursos de personalização,"14/05/2025 - 14:00h








Bruna Mayer Costa",Outros,"Padrões de interação e recursos de personalização








14/05/2025 - 14:00h








Bruna Mayer Costa",,,
Semana 04,16,4956814657f04c21ab117e10e0527567,"The internet is starting to break, here's why",Bruna Mayer Costa,Outros,"The internet is starting to break, here's why








Bruna Mayer Costa",,,
Semana 04,17,2467b75666c54de6ad8165a1b30639d2,Intro to UI Design Patterns,Bruna Mayer Costa,Outros,"Intro to UI Design Patterns








Bruna Mayer Costa",,,
Semana 04,18,8412397749d94f42b2c5ce1559054a08,"Basics of UI Design for Mobile Apps - Artboard Size, Screen Density and Resolution for Beginners",Bruna Mayer Costa,Outros,"Basics of UI Design for Mobile Apps - Artboard Size, Screen Density and Resolution for Beginners








Bruna Mayer Costa",,,
Semana 04,19,04d269a7c4bf4a328693d3514df39bb7,How to Develop and Test a Mobile-First Design in 2021,Bruna Mayer Costa,Outros,"How to Develop and Test a Mobile-First Design in 2021








Bruna Mayer Costa",,,
Semana 04,20,025ca71f292749ccae923d04b5819633,Medidas de proximidade: Encontrando Vizinhos com K-NN,"15/05/2025 - 14:00h








Luciano Galdino",Outros,"Medidas de proximidade: Encontrando Vizinhos com K-NN








15/05/2025 - 14:00h








Luciano Galdino",,,
Semana 04,21,885a1c31dd0a4e2d9ec3b674efbaa8ca,Videoaula 1: Top 6 Machine Learning Algorithms for Beginners - Classification (by Visual Studio Design),Luciano Galdino,Outros,"Videoaula 1: Top 6 Machine Learning Algorithms for Beginners - Classification (by Visual Studio Design)








Luciano Galdino",,,
Semana 04,22,644c178a5d8348f6b51ac77756f2d27e,Teoria: Modelos Preditivos: Métodos baseados em distâncias,Luciano Galdino,Outros,"Teoria: Modelos Preditivos: Métodos baseados em distâncias








Luciano Galdino",,,
Semana 04,23,b9aabc3c1177448ca15416088178549b,Sprint Review  e  Retrospective 2,16/05/2025 - 14:00h,Outros,"Sprint Review  e  Retrospective 2








16/05/2025 - 14:00h",,,
Semana 04,24,277c40ef15af4f8bae1066d25358a308,Arquitetura SOA e requisitos não funcionais,"Nota: 9.0








Ovidio Lopes da Cruz Netto

Atividade ponderada",Atividade,"Arquitetura SOA e requisitos não funcionais

Nota: 9.0








Ovidio Lopes da Cruz Netto

Atividade ponderada",,,
Semana 04,25,f1ffa63f4ec2480ca6790f11bd7a0553,Atividade de UX: Figma,"Nota: 2.8








Bruna Mayer Costa

Atividade ponderada",Atividade,"Atividade de UX: Figma

Nota: 2.8








Bruna Mayer Costa

Atividade ponderada",,,
Semana 04,26,e4e6703e0df24c06856b922712463982,Questão Ponderada: Medidas de Proximidade,"Nota: 10.0








Luciano Galdino

Atividade ponderada",Atividade,"Questão Ponderada: Medidas de Proximidade

Nota: 10.0








Luciano Galdino

Atividade ponderada",,,
Semana 04,27,c2a612c2279b4c338527a4c4cfd3c9e6,MODELAGEM DE DADOS,"Nota: 6.3

Atividade ponderada",Atividade,"MODELAGEM DE DADOS

Nota: 6.3

Atividade ponderada",,,
Semana 04,28,a366cc843ddb4bd8846fc935f9bd0d73,SOLUÇÃO TÉCNICA  (DESIGN),"Nota: 6.6

Atividade ponderada",Atividade,"SOLUÇÃO TÉCNICA  (DESIGN)

Nota: 6.6

Atividade ponderada",,,
Semana 04,29,e7dd99b778d94d00a110ec6ecdae5e82,MODELO DE RECOMENDAÇÃO BASEADO EM FILTRAGEM COLABORATIVA,"Nota: 6.0

Atividade ponderada",Atividade,"MODELO DE RECOMENDAÇÃO BASEADO EM FILTRAGEM COLABORATIVA

Nota: 6.0

Atividade ponderada",,,
Semana 04,30,0a4067cdfb2b412292e743fb7f5d444b,PROJETO VISUAL DA SOLUÇÃO,"Nota: 7.1

Atividade ponderada",Atividade,"PROJETO VISUAL DA SOLUÇÃO

Nota: 7.1

Atividade ponderada",,,
Semana 04,31,a949dae9585649e896c4bf4e2d3bc6f2,GESTÃO DE PROJETOS EVOLUTIVA,"Nota: 6.8

Atividade ponderada",Atividade,"GESTÃO DE PROJETOS EVOLUTIVA

Nota: 6.8

Atividade ponderada",,,
Semana 05,1,af12860269f14e3d8f9d9f028a4b0bd8,Sprint Planning 3 e Demonstração de Aprendizagem,19/05/2025 - 14:00h,Outros,"Sprint Planning 3 e Demonstração de Aprendizagem








19/05/2025 - 14:00h",,,
Semana 05,2,42a64baf1c044bc08501d6f993d4b2f1,FrontEnd Mobile e Arquitetura MVVM (React Native),"20/05/2025 - 14:00h








Ovidio Lopes da Cruz Netto",Outros,"FrontEnd Mobile e Arquitetura MVVM (React Native)








20/05/2025 - 14:00h








Ovidio Lopes da Cruz Netto",,,
Semana 05,3,819dc344a2844ebf81dc7f0aee0426fe,Primeiro app com React Native,Ovidio Lopes da Cruz Netto,Outros,"Primeiro app com React Native








Ovidio Lopes da Cruz Netto",,,
Semana 05,4,e7b0ea4c5a9644749aaebccd8b3bf81e,MVVM com React Native,Ovidio Lopes da Cruz Netto,Outros,"MVVM com React Native








Ovidio Lopes da Cruz Netto",,,
Semana 05,5,6fac45482c914dc382116c36d883c354,Exemplo de MVVM com Redux em React Native,Ovidio Lopes da Cruz Netto,Outros,"Exemplo de MVVM com Redux em React Native








Ovidio Lopes da Cruz Netto",,,
Semana 05,6,9e275fcaeb33418b8e2cb5aeb9499342,Tópicos de BD: Transactions e Triggers,"21/05/2025 - 14:00h








Hermano Peixoto de Oliveira Junior",Outros,"Tópicos de BD: Transactions e Triggers








21/05/2025 - 14:00h








Hermano Peixoto de Oliveira Junior",,,
Semana 05,7,1b77d97f7f6043448f10787bfcd9c970,PostgreSQL 15 Documentation – SQL Language: Triggers and Transactions,Hermano Peixoto de Oliveira Junior,Outros,"PostgreSQL 15 Documentation – SQL Language: Triggers and Transactions








Hermano Peixoto de Oliveira Junior",,,
Semana 05,8,ed34b55980ca4a76b618542a283b87c2,PostgreSQL Triggers,Hermano Peixoto de Oliveira Junior,Outros,"PostgreSQL Triggers








Hermano Peixoto de Oliveira Junior",,,
Semana 05,9,d8bdf37b5b594bb292a7450e76bc4377,PostgreSQL Transactions,Hermano Peixoto de Oliveira Junior,Outros,"PostgreSQL Transactions








Hermano Peixoto de Oliveira Junior",,,
Semana 05,10,037054b36ca8495e9a4764bf0c1a8146,Centróides e Clusters: Explorando Padrões com Agrupamento de Dados (algoritmo k-means).,"22/05/2025 - 14:00h








Luciano Galdino",Outros,"Centróides e Clusters: Explorando Padrões com Agrupamento de Dados (algoritmo k-means).








22/05/2025 - 14:00h








Luciano Galdino",,,
Semana 05,11,3f3d1e3c60d14bd99a92268b00b16c6f,Teoria: Clusterização - Algoritmo k-means (k-médias),Luciano Galdino,Outros,"Teoria: Clusterização - Algoritmo k-means (k-médias)








Luciano Galdino",,,
Semana 05,12,ac4ce076a14e44d88a1ea5df14570c8c,Vídeo 1: k-means clustering (by TileStats),Luciano Galdino,Outros,"Vídeo 1: k-means clustering (by TileStats)








Luciano Galdino",,,
Semana 05,13,b564c2658d24489c93b0caf09003ce52,Vídeo 2: k-Means-Clustering visualized (by Valinor),Luciano Galdino,Outros,"Vídeo 2: k-Means-Clustering visualized (by Valinor)








Luciano Galdino",,,
Semana 05,14,417ce32f644447b3a2254afb150fb8a8,Tipos de testes de usabilidade: avaliando personalização e gamificação,"23/05/2025 - 14:00h








Bruna Mayer Costa",Outros,"Tipos de testes de usabilidade: avaliando personalização e gamificação








23/05/2025 - 14:00h








Bruna Mayer Costa",,,
Semana 05,15,cc33eb59aab04f7b800548cb93673dcd,Ferramentas de Avaliação: Lighthouse,Bruna Mayer Costa,Avaliação,"Ferramentas de Avaliação: Lighthouse








Bruna Mayer Costa",,,
Semana 05,16,7f30bf91bf5d4548a8459b7df6d7f80f,LightHouse: Teste um site!,Bruna Mayer Costa,Outros,"LightHouse: Teste um site!








Bruna Mayer Costa",,,
Semana 05,17,cae950d27bb043698e01ddeb8eedc915,Fim do Flipper? Debugger React Native,Bruna Mayer Costa,Outros,"Fim do Flipper? Debugger React Native








Bruna Mayer Costa",,,
Semana 05,18,3a3edefc47e14f9bb3d3d34b6775c72d,Escalas Numéricas de Usabilidade: System Usability Scale (SUS),Bruna Mayer Costa,Outros,"Escalas Numéricas de Usabilidade: System Usability Scale (SUS)








Bruna Mayer Costa",,,
Semana 05,19,da592ac6339c4319950f67aef3cd47da,Preparando Testes,Bruna Mayer Costa,Outros,"Preparando Testes








Bruna Mayer Costa",,,
Semana 05,20,c74553e0d1054f5b82a92244d5dae254,Qualidades de uma navegação bem sucedida.,Bruna Mayer Costa,Outros,"Qualidades de uma navegação bem sucedida.








Bruna Mayer Costa",,,
Semana 05,21,50761d11b1a4443a8ba3acc1fc0a0d2b,Questão Ponderada: Clusterização por meio do algoritmo k-means,"Nota: 10.0








Luciano Galdino

Atividade ponderada",Atividade,"Questão Ponderada: Clusterização por meio do algoritmo k-means

Nota: 10.0








Luciano Galdino

Atividade ponderada",,,
Semana 05,22,269a9a68383840048ab149a89eb97e93,Atividade de UX: Preparando Testes,"Nota: 8.5








Bruna Mayer Costa

Atividade ponderada",Atividade,"Atividade de UX: Preparando Testes

Nota: 8.5








Bruna Mayer Costa

Atividade ponderada",,,
Semana 06,1,b43f0062796e4ac884eac237bf6164f7,Orientação a objetos com TDD,"26/05/2025 - 10:00h








Afonso Cesar Lelis Brandão",Outros,"Orientação a objetos com TDD








26/05/2025 - 10:00h








Afonso Cesar Lelis Brandão",,,
Semana 06,2,fd30d89f0d5a4bf59abc598154b10062,"Test-Driven Development (TDD), Programação Orientada a Objetos (OOP) e Behavior-Driven Development (BDD) em C# .NET 9.0",,Outros,"Test-Driven Development (TDD), Programação Orientada a Objetos (OOP) e Behavior-Driven Development (BDD) em C# .NET 9.0",,,
Semana 06,3,12f09bf10f8343cfa17e88c26fb85d75,".NET testes unitários do zero | parte 01 | fakers, assertions, traits, facts, theories, traits",Afonso Cesar Lelis Brandão,Outros,".NET testes unitários do zero | parte 01 | fakers, assertions, traits, facts, theories, traits








Afonso Cesar Lelis Brandão",,,
Semana 06,4,b9ef1b8ed39a49eba9e41665c7ac2508,Curso de linguagem C orientado a testes: Curso de C utilizando Test Driven Development (TDD),Afonso Cesar Lelis Brandão,Outros,"Curso de linguagem C orientado a testes: Curso de C utilizando Test Driven Development (TDD)








Afonso Cesar Lelis Brandão",,,
Semana 06,5,5ecff01b50874f4385f58cc6af65b8fc,TDD: fundamentos do desenvolvimento orientado a testes,Afonso Cesar Lelis Brandão,Outros,"TDD: fundamentos do desenvolvimento orientado a testes








Afonso Cesar Lelis Brandão",,,
Semana 06,6,807493c04b5d44d9b5f32e9b631c7613,Gerenciamento de funil de leads,"27/05/2025 - 10:00h








Rafael Ricardo Jacomossi",Outros,"Gerenciamento de funil de leads








27/05/2025 - 10:00h








Rafael Ricardo Jacomossi",,,
Semana 06,7,897541ab9a284e319821850abb480c88,O que é Marketing Digital?,Rafael Ricardo Jacomossi,Outros,"O que é Marketing Digital?








Rafael Ricardo Jacomossi",,,
Semana 06,8,f15e3345ee924b1ba54e932e5559aed6,O que são Leads?,Rafael Ricardo Jacomossi,Outros,"O que são Leads?








Rafael Ricardo Jacomossi",,,
Semana 06,9,a01b81c94f1f429a86bb8f3785ebf6a0,Funil de vendas: saiba o que é e conheça suas etapas,Rafael Ricardo Jacomossi,Outros,"Funil de vendas: saiba o que é e conheça suas etapas








Rafael Ricardo Jacomossi",,,
Semana 06,10,13e52da4b8e741a988cfe4c5fc207567,The New Rules of B2B Lead Generation,Rafael Ricardo Jacomossi,Outros,"The New Rules of B2B Lead Generation








Rafael Ricardo Jacomossi",,,
Semana 06,11,86cb7fc0df5d447097b7ea2a2137ab24,Ética e gestão do conhecimento,"28/05/2025 - 10:00h








Filipe Gonçalves de Souza Nogueira da Silva",Outros,"Ética e gestão do conhecimento








28/05/2025 - 10:00h








Filipe Gonçalves de Souza Nogueira da Silva",,,
Semana 06,12,280b076e7f74485192dccfca231d3c87,Qual é a sua estratégia de gestão de conhecimento?,Filipe Gonçalves de Souza Nogueira da Silva,Outros,"Qual é a sua estratégia de gestão de conhecimento?








Filipe Gonçalves de Souza Nogueira da Silva",,,
Semana 06,13,7c74ae3ea428491a9031526da645eb3d,AI4People - Um framework de ética na computação,Filipe Gonçalves de Souza Nogueira da Silva,Outros,"AI4People - Um framework de ética na computação








Filipe Gonçalves de Souza Nogueira da Silva",,,
Semana 06,14,d4e81aa1110b49dab94d1ba8195be012,Testes de Integração,"29/05/2025 - 10:00h








Afonso Cesar Lelis Brandão",Outros,"Testes de Integração








29/05/2025 - 10:00h








Afonso Cesar Lelis Brandão",,,
Semana 06,15,a2fb230ef4d042a0b77fab53145b6fe8,Testes de Integração Aplicados a Software Orientado a Objetos,Afonso Cesar Lelis Brandão,Outros,"Testes de Integração Aplicados a Software Orientado a Objetos








Afonso Cesar Lelis Brandão",,,
Semana 06,16,14617d8b930a4a16a2ed50043daed8ac,2 Níveis de Testes | O que são Testes de Integração?,Afonso Cesar Lelis Brandão,Outros,"2 Níveis de Testes | O que são Testes de Integração?








Afonso Cesar Lelis Brandão",,,
Semana 06,17,97aa1a93ac714c4f90cd9c842217d5fb,Testes de Integração em .NET: Teoria e Práticas Avançadas,Afonso Cesar Lelis Brandão,Outros,"Testes de Integração em .NET: Teoria e Práticas Avançadas








Afonso Cesar Lelis Brandão",,,
Semana 06,18,0761aff0347c477e8f4afe09c1b4d4c8,Sprint Review e Retrospective 3,30/05/2025 - 10:00h,Outros,"Sprint Review e Retrospective 3








30/05/2025 - 10:00h",,,
Semana 06,19,50acc89c67d14fe6860f1ede4cfb7dea,Questão de Negócios Parte 2,"Nota: 10.0








Rafael Ricardo Jacomossi

Atividade ponderada",Atividade,"Questão de Negócios Parte 2

Nota: 10.0








Rafael Ricardo Jacomossi

Atividade ponderada",,,
Semana 06,20,89dcf6a204714369ac8e352131d46e93,Testando a aplicação,"Nota: 0.0








Afonso Cesar Lelis Brandão

Atividade ponderada",Atividade,"Testando a aplicação

Nota: 0.0








Afonso Cesar Lelis Brandão

Atividade ponderada",,,
Semana 06,21,417c216c07f44d2eb180bf4b5cfa9aab,IMPLEMENTAÇÃO DO BANCO DE DADOS,"Nota: 7.8

Atividade ponderada",Atividade,"IMPLEMENTAÇÃO DO BANCO DE DADOS

Nota: 7.8

Atividade ponderada",,,
Semana 06,22,29c9b3c0645e4e19ba606f4161e65c8f,DESENVOLVIMENTO DO PROJETO,"Nota: 7.7

Atividade ponderada",Atividade,"DESENVOLVIMENTO DO PROJETO

Nota: 7.7

Atividade ponderada",,,
Semana 06,23,e9d01bc2f1e24580a8d8bd126d704089,PLANEJAMENTO DE TESTES,"Nota: 7.5

Atividade ponderada",Atividade,"PLANEJAMENTO DE TESTES

Nota: 7.5

Atividade ponderada",,,
Semana 06,24,39731f5a606c412db5e340eb38fd4d2b,GESTÃO DE PROJETOS EVOLUTIVA,"Nota: 7.2

Atividade ponderada",Atividade,"GESTÃO DE PROJETOS EVOLUTIVA

Nota: 7.2

Atividade ponderada",,,
Semana 07,1,e093a9a49e2f469a85144bd2aa57a0c0,Sprint Planning 4  e Demonstração de Aprendizagem,02/06/2025 - 14:00h,Outros,"Sprint Planning 4  e Demonstração de Aprendizagem








02/06/2025 - 14:00h",,,
Semana 07,2,8b4d7dc0724f449aab0af36c712983b6,"Análise de Componentes Principais (PCA): Entendendo através das matrizes de covarância, autovalores e autovetores.","03/06/2025 - 14:00h








Luciano Galdino",Outros,"Análise de Componentes Principais (PCA): Entendendo através das matrizes de covarância, autovalores e autovetores.








03/06/2025 - 14:00h








Luciano Galdino",,,
Semana 07,3,20aa87f34aae409682cab2f5b26fb330,Vídeo 3: Covariance - Clearly Explained (by StatQuest),Luciano Galdino,Outros,"Vídeo 3: Covariance - Clearly Explained (by StatQuest)








Luciano Galdino",,,
Semana 07,4,989c293324524afba96886579f54c65a,Vídeo 4: Principal Component Analysis (by Visually Explained),Luciano Galdino,Outros,"Vídeo 4: Principal Component Analysis (by Visually Explained)








Luciano Galdino",,,
Semana 07,5,e8709ad23ecc4188883f3aea729c73f8,"Vídeo 5: Análise de Componentes Principais (PCA), Passo a Passo (by StatQuest)",Luciano Galdino,Outros,"Vídeo 5: Análise de Componentes Principais (PCA), Passo a Passo (by StatQuest)








Luciano Galdino",,,
Semana 07,6,6576fb3828ff4e0fb2a6fa02c074c027,Compilação dos resultados para aplicação em storytelling de dados,"04/06/2025 - 14:00h








Bruna Mayer Costa",Outros,"Compilação dos resultados para aplicação em storytelling de dados








04/06/2025 - 14:00h








Bruna Mayer Costa",,,
Semana 07,7,340e01f844774785b1b728ef7e37286c,Guia do Data Storytelling: como cativar sua audiência com histórias baseadas em dados valiosos,Bruna Mayer Costa,Outros,"Guia do Data Storytelling: como cativar sua audiência com histórias baseadas em dados valiosos








Bruna Mayer Costa",,,
Semana 07,8,44f43558e94a4c2e98ccd03c9263d5c4,Data Storytelling: Como apresentar dados e gráficos de forma criativa,Bruna Mayer Costa,Outros,"Data Storytelling: Como apresentar dados e gráficos de forma criativa








Bruna Mayer Costa",,,
Semana 07,9,a53c28a9e37e49be933a69aed91ff437,O que é storytelling com dados e como aplicar?,Bruna Mayer Costa,Outros,"O que é storytelling com dados e como aplicar?








Bruna Mayer Costa",,,
Semana 07,10,d5d8ac08101143f6a0aeb64ba473442f,Making data mean more through storytelling,Bruna Mayer Costa,Outros,"Making data mean more through storytelling








Bruna Mayer Costa",,,
Semana 07,11,5f04ffea7cda4b72aa3c86120822a3b4,Monitoramento e logging: Técnicas de monitoramento de desempenho e logging em tempo real para serviços em nuvem,"05/06/2025 - 14:00h








Afonso Cesar Lelis Brandão",Outros,"Monitoramento e logging: Técnicas de monitoramento de desempenho e logging em tempo real para serviços em nuvem








05/06/2025 - 14:00h








Afonso Cesar Lelis Brandão",,,
Semana 07,12,5f1eb251adb74bc5bf0a955366153b4b,Otimize o desempenho do aplicativo com tracing e registro em log eficazes,Afonso Cesar Lelis Brandão,Outros,"Otimize o desempenho do aplicativo com tracing e registro em log eficazes








Afonso Cesar Lelis Brandão",,,
Semana 07,13,c39af0d81d5040e38bce91ccd8cb37a6,Distributed Logging & Metrics Framework | Systems Design Interview Questions With Ex-Google SWE,Afonso Cesar Lelis Brandão,Outros,"Distributed Logging & Metrics Framework | Systems Design Interview Questions With Ex-Google SWE








Afonso Cesar Lelis Brandão",,,
Semana 07,14,454a61664ae6454799692346d87dec6c,Tópicos extras em paradigmas de programação - Padrões AutoML em dotnet,"06/06/2025 - 14:00h








Ovidio Lopes da Cruz Netto",Outros,"Tópicos extras em paradigmas de programação - Padrões AutoML em dotnet








06/06/2025 - 14:00h








Ovidio Lopes da Cruz Netto",,,
Semana 07,15,c46f16f0c6ab47f68c5485ebbb7f67d0,Como usar a API de AutoML (machine learning automatizado) do ML.NET,Ovidio Lopes da Cruz Netto,Outros,"Como usar a API de AutoML (machine learning automatizado) do ML.NET








Ovidio Lopes da Cruz Netto",,,
Semana 07,16,5b89ef425afe4f69930a3c1591b33a52,Treinar um modelo de recomendação usando o Model Builder,,Outros,Treinar um modelo de recomendação usando o Model Builder,,,
Semana 07,17,9db90257dc054f3d9801378a42a21f5c,Faça a questão ponderada referente à análise de componentes principais.,"Nota: 0.0








Luciano Galdino

Atividade ponderada",Atividade,"Faça a questão ponderada referente à análise de componentes principais.

Nota: 0.0








Luciano Galdino

Atividade ponderada",,,
Semana 07,18,29d146a5b92b4c2c9b52948c01e4230a,Teoria: Teoria de Matrizes e Autovalores,Luciano Galdino,Outros,"Teoria: Teoria de Matrizes e Autovalores








Luciano Galdino",,,
Semana 07,19,d103009e1ce64f9ea7d3a1862780e9dd,"Vídeo 1: Vetores, o que são eles afinal? (por 3Blue1Brown)",Luciano Galdino,Outros,"Vídeo 1: Vetores, o que são eles afinal? (por 3Blue1Brown)








Luciano Galdino",,,
Semana 07,20,400eb22aa8b34c51959b0fff452e31f5,Vídeo 2: Autovetores e autovalores - A essência da Álgebra Linear (por 3Blue1Brown,Luciano Galdino,Outros,"Vídeo 2: Autovetores e autovalores - A essência da Álgebra Linear (por 3Blue1Brown








Luciano Galdino",,,
Semana 08,1,cea8115fc9054aa48e98d7685fc15348,Boas práticas para arquiteturas orientadas a serviço na nuvem,"09/06/2025 - 14:00h








Afonso Cesar Lelis Brandão",Outros,"Boas práticas para arquiteturas orientadas a serviço na nuvem








09/06/2025 - 14:00h








Afonso Cesar Lelis Brandão",,,
Semana 08,2,ae71150942654ef49223aca3b40c2a6e,Práticas recomendadas para desenvolver arquiteturas orientadas por eventos em sua organização,Afonso Cesar Lelis Brandão,Outros,"Práticas recomendadas para desenvolver arquiteturas orientadas por eventos em sua organização








Afonso Cesar Lelis Brandão",,,
Semana 08,3,27381662b24b409788a3e60a743acfbc,Implemente Estratégias Multi-Cloud,Afonso Cesar Lelis Brandão,Outros,"Implemente Estratégias Multi-Cloud








Afonso Cesar Lelis Brandão",,,
Semana 08,4,f46de116ea7e4da7a84bc330ac434b60,Garanta Segurança e Conformidade,Afonso Cesar Lelis Brandão,Outros,"Garanta Segurança e Conformidade








Afonso Cesar Lelis Brandão",,,
Semana 08,5,4028f78a04aa47cbacc28d16afca3d5c,Gestão de Relacionamento e Customer Experience,"10/06/2025 - 14:00h








Rafael Ricardo Jacomossi",Outros,"Gestão de Relacionamento e Customer Experience








10/06/2025 - 14:00h








Rafael Ricardo Jacomossi",,,
Semana 08,6,9ff4eb8fb89d45dabef01d7640c9fefa,O que é CRM ?,Rafael Ricardo Jacomossi,Outros,"O que é CRM ?








Rafael Ricardo Jacomossi",,,
Semana 08,7,42cc37f247a54195a1a21f42df51c650,Como aproximar o cliente das empresas,Rafael Ricardo Jacomossi,Outros,"Como aproximar o cliente das empresas








Rafael Ricardo Jacomossi",,,
Semana 08,8,cbd835afda8641fc9994a3ceb4917dc6,"Inteligência artificial, CRM e a nova experiência do consumidor",Rafael Ricardo Jacomossi,Outros,"Inteligência artificial, CRM e a nova experiência do consumidor








Rafael Ricardo Jacomossi",,,
Semana 08,9,611b24dffae34f7e8dd064b6179a6415,Como gerenciar o relacionamento com o cliente?,Rafael Ricardo Jacomossi,Outros,"Como gerenciar o relacionamento com o cliente?








Rafael Ricardo Jacomossi",,,
Semana 08,10,6b97b5cb06dd4a81a04972d61d693f92,Negociação: eu e o outro,"11/06/2025 - 14:00h








Filipe Gonçalves de Souza Nogueira da Silva",Outros,"Negociação: eu e o outro








11/06/2025 - 14:00h








Filipe Gonçalves de Souza Nogueira da Silva",,,
Semana 08,11,cbcea489b30742a4bad5177d11f2ef52,Encontro de orientação,12/06/2025 - 14:00h,Outros,"Encontro de orientação








12/06/2025 - 14:00h",,,
Semana 08,12,c28490e6b129473e94f1afc4cc3d61b9,Sprint Review e Retrospective 4,13/06/2025 - 14:00h,Outros,"Sprint Review e Retrospective 4








13/06/2025 - 14:00h",,,
Semana 08,13,a28acb0da24740799e48534ce4576650,Negociação é uma dança,Filipe Gonçalves de Souza Nogueira da Silva,Outros,"Negociação é uma dança








Filipe Gonçalves de Souza Nogueira da Silva",,,
Semana 08,14,a8717966c447419fbdf648c4e41c5582,O caminho entre o não e o sim,Filipe Gonçalves de Souza Nogueira da Silva,Outros,"O caminho entre o não e o sim








Filipe Gonçalves de Souza Nogueira da Silva",,,
Semana 08,15,b2fb54354bff4289a0bac25db49d129a,Questão de Negócios Parte 3,"Nota: 10.0








Rafael Ricardo Jacomossi

Atividade ponderada",Atividade,"Questão de Negócios Parte 3

Nota: 10.0








Rafael Ricardo Jacomossi

Atividade ponderada",,,
Semana 08,16,59d66e48295e4a06b8ce7e3b703693a5,Comunicação e negociação: conceitos e práticas organizacionais,"Nota: 6.5








Filipe Gonçalves de Souza Nogueira da Silva

Atividade ponderada",Atividade,"Comunicação e negociação: conceitos e práticas organizacionais

Nota: 6.5








Filipe Gonçalves de Souza Nogueira da Silva

Atividade ponderada",,,
Semana 08,17,21387a9b35d940c49f591efc6235aa29,DESENVOLVIMENTO DO PROJETO,"Nota: 4.9

Atividade ponderada",Atividade,"DESENVOLVIMENTO DO PROJETO

Nota: 4.9

Atividade ponderada",,,
Semana 08,18,6f0224920e2147bd9493f809b11f00cd,EVOLUÇÃO DO BANCO DE DADOS,"Nota: 5.3

Atividade ponderada",Atividade,"EVOLUÇÃO DO BANCO DE DADOS

Nota: 5.3

Atividade ponderada",,,
Semana 08,19,743eb77b05c0403fab98e3e945bfca3e,EXECUÇÃO DE TESTES,"Nota: 5.4

Atividade ponderada",Atividade,"EXECUÇÃO DE TESTES

Nota: 5.4

Atividade ponderada",,,
Semana 08,20,7560834dbebc4e858fc490f4a033911f,GESTÃO DE PROJETOS EVOLUTIVA,"Nota: 4.2

Atividade ponderada",Atividade,"GESTÃO DE PROJETOS EVOLUTIVA

Nota: 4.2

Atividade ponderada",,,
Semana 09,1,7bc70712d1f84d498d6448bf5dbcd0d2,Sprint Planning 5 e Demonstração de Aprendizagem,16/06/2025 - 14:00h,Outros,"Sprint Planning 5 e Demonstração de Aprendizagem








16/06/2025 - 14:00h",,,
Semana 09,2,4b14779cb55d47e49c6770fef2979f53,Segurança em sistemas distribuídos: Princípios de segurança aplicados a serviços na nuvem e APIs,"17/06/2025 - 14:00h








Afonso Cesar Lelis Brandão",Outros,"Segurança em sistemas distribuídos: Princípios de segurança aplicados a serviços na nuvem e APIs








17/06/2025 - 14:00h








Afonso Cesar Lelis Brandão",,,
Semana 09,3,8f779a6764cd47ca9dab5925784ad576,Security of Microservice Applications: A Practitioners' Perspective on Challenges and Best Practices,Afonso Cesar Lelis Brandão,Outros,"Security of Microservice Applications: A Practitioners' Perspective on Challenges and Best Practices








Afonso Cesar Lelis Brandão",,,
Semana 09,4,f4bb8bdd55234fd590cb9643ea8a268f,Categorização dos Desafios de Segurança em Nuvem Relacionados à Virtualização,Afonso Cesar Lelis Brandão,Outros,"Categorização dos Desafios de Segurança em Nuvem Relacionados à Virtualização








Afonso Cesar Lelis Brandão",,,
Semana 09,5,e88176e836a249fca880cb6e4d4b1e8e,Autoavaliação,"Nota: 10.0

Atividade ponderada",Atividade,"Autoavaliação

Nota: 10.0

Atividade ponderada",,,
Semana 09,6,141849e1ef6e48108719f8f08af68da0,Autoavaliação do grupo,,Avaliação,Autoavaliação do grupo,,,
Semana 09,7,5937eb8aaaaf4259ba58c518b6fcd58a,Avaliação em pares,"Nota: 6.8

Atividade ponderada",Atividade,"Avaliação em pares

Nota: 6.8

Atividade ponderada",,,
Semana 09,8,bebcbb175433443cbefb43fdfd1603ed,Avaliação geral,,Avaliação,Avaliação geral,,,
Semana 09,9,b4566217dcd349c2ba2c2fb1712b7cd3,Prova do Módulo,"Nota: 8.2








18/06/2025 - 14:00h

Atividade ponderada",Atividade,"Prova do Módulo

Nota: 8.2








18/06/2025 - 14:00h

Atividade ponderada",,,
Semana 10,1,f0fdb690168043ac99bdabd7b0c55e5d,Encontro de Orientação,23/06/2025 - 14:00h,Outros,"Encontro de Orientação








23/06/2025 - 14:00h",,,
Semana 10,2,b9e900bae05f47a184a770d11c342087,Novos modelos: marketplace e two sided marked,"24/06/2025 - 14:00h








Rafael Ricardo Jacomossi",Outros,"Novos modelos: marketplace e two sided marked








24/06/2025 - 14:00h








Rafael Ricardo Jacomossi",,,
Semana 10,3,1d57f8f351a64c08abe65369cf46a77f,Two-Sided Market: Definition and Examples,Rafael Ricardo Jacomossi,Outros,"Two-Sided Market: Definition and Examples








Rafael Ricardo Jacomossi",,,
Semana 10,4,9dd37047b644483b9b641b5a7b7a7b15,Prime Day and the broad reach of Amazon's ecosystem,Rafael Ricardo Jacomossi,Outros,"Prime Day and the broad reach of Amazon's ecosystem








Rafael Ricardo Jacomossi",,,
Semana 10,5,c33c99a24671437bb94257a8e5ed7e03,O que é omnichannel?,Rafael Ricardo Jacomossi,Outros,"O que é omnichannel?








Rafael Ricardo Jacomossi",,,
Semana 10,6,c0aab878ab844a4a8441e041bb35a714,"Argumentação, falácias e correlações espúrias","25/06/2025 - 14:00h








Filipe Gonçalves de Souza Nogueira da Silva",Outros,"Argumentação, falácias e correlações espúrias








25/06/2025 - 14:00h








Filipe Gonçalves de Souza Nogueira da Silva",,,
Semana 10,7,af4436d625f7471e8da0dd90a42d841c,O que é um argumento?,Filipe Gonçalves de Souza Nogueira da Silva,Outros,"O que é um argumento?








Filipe Gonçalves de Souza Nogueira da Silva",,,
Semana 10,8,c47ab7b844564fe1b64e92fb22e84f22,Como identificar um bom argumento?,Filipe Gonçalves de Souza Nogueira da Silva,Outros,"Como identificar um bom argumento?








Filipe Gonçalves de Souza Nogueira da Silva",,,
Semana 10,9,7626f665c3e24543b00a32770e62b8fd,Você conhece as falácias?,Filipe Gonçalves de Souza Nogueira da Silva,Outros,"Você conhece as falácias?








Filipe Gonçalves de Souza Nogueira da Silva",,,
Semana 10,10,f17220cfad874f87859c8b13eabf3832,Falácias no ambiente de trabalho,Filipe Gonçalves de Souza Nogueira da Silva,Outros,"Falácias no ambiente de trabalho








Filipe Gonçalves de Souza Nogueira da Silva",,,
Semana 10,11,0e498bc1e18e4113b7c3dedb55507dcf,Pensando logicamente,Filipe Gonçalves de Souza Nogueira da Silva,Outros,"Pensando logicamente








Filipe Gonçalves de Souza Nogueira da Silva",,,
Semana 10,12,d3a50b3199ba44a0899c3a87c63d0735,Apresentação Final e Sprint Retrospective 5,26/06/2025 - 14:00h,Outros,"Apresentação Final e Sprint Retrospective 5








26/06/2025 - 14:00h",,,
Semana 10,13,ba36ff824c444f5087c91cdc56bb3d31,DESENVOLVIMENTO DO PROJETO,"Nota: 7.8

Atividade ponderada",Atividade,"DESENVOLVIMENTO DO PROJETO

Nota: 7.8

Atividade ponderada",,,
Semana 10,14,ecae9f9dd71a49dabe442e8ac0c38bc7,EXECUÇÃO DE TESTES,"Nota: 8.0

Atividade ponderada",Atividade,"EXECUÇÃO DE TESTES

Nota: 8.0

Atividade ponderada",,,
Semana 10,15,b78f58f29c0b4ae1b239c01566778274,GESTÃO DE PROJETOS EVOLUTIVA,"Nota: 5.9

Atividade ponderada",Atividade,"GESTÃO DE PROJETOS EVOLUTIVA

Nota: 5.9

Atividade ponderada",,,
Semana 10,16,f2c1cb9a5fb14231bbd2bfa771050f93,VERSÃO FINAL DO PROJETO,"Nota: 7.7

Atividade ponderada",Atividade,"VERSÃO FINAL DO PROJETO

Nota: 7.7

Atividade ponderada",,,
